<?xml version="1.0" encoding="UTF-8" standalone="yes"?>
<addon id="repository.revtv" name="RevTV Repository" version="1.0.0" provider-name="surevs">
    <extension point="xbmc.addon.repository" name="RevTV Repository">
        <info compressed="false">https://surevs.github.io/revtv/addons.xml</info>
        <checksum>https://surevs.github.io/revtv/addons.xml.md5</checksum>
        <datadir zip="true">https://surevs.github.io/revtv/</datadir>
    </extension>
    <extension point="xbmc.addon.metadata">
        <summary>RevTV Repository - Indian Regional TV Streaming</summary>
        <description>Official repository for RevTV addon. Stream JioTV, JioHotstar, SonyLIV, Zee5, ETV Win, Sun NXT, Aha with your valid subscriptions.</description>
        <disclaimer>Requires valid subscriptions. Not affiliated with any streaming service.</disclaimer>
        <platform>all</platform>
        <license>MIT</license>
        <assets>
            <icon>icon.png</icon>
        </assets>
    </extension>
</addon>
